requested_level,server_reported_level,shot,action,angle,tap_ms,bird_vector,score_before,score_after,score_delta,reward,won,game_over,image_path,saliency_path,q_min,q_max,q_mean,q_std,top1_action,top2_action,top1_q,top2_q,top_margin,saliency_sum,object_like_mass_frac,right_half_mass_frac,top_half_mass_frac,lower_half_mass_frac
19,1,1,83,64,1200,0 1 0 0 0,0,4670,4670,0.4169999957084656,False,False,out/saliency/ab_agent_20260516_220759_rainbow_D_full_n3_noisy/fixed_smoke/level_019_shot_01_image.png,out/saliency/ab_agent_20260516_220759_rainbow_D_full_n3_noisy/fixed_smoke/level_019_shot_01_saliency.png,2.5676321983337402,5.324244976043701,3.557626247406006,0.46686428785324097,83,70,5.324244976043701,5.014703273773193,0.3095417022705078,34.08203887939453,0.05541620189017524,0.536076505176268,0.6542780367393171,0.34572193527892625
67,1,1,6,10,2400,0 0 1 0 0,0,11070,11070,1.0570000410079956,False,False,out/saliency/ab_agent_20260516_220759_rainbow_D_full_n3_noisy/fixed_smoke/level_067_shot_01_image.png,out/saliency/ab_agent_20260516_220759_rainbow_D_full_n3_noisy/fixed_smoke/level_067_shot_01_saliency.png,3.7241010665893555,9.081729888916016,6.9192705154418945,0.6836999654769897,6,156,9.081729888916016,8.72903060913086,0.35269927978515625,13.799308776855469,0.025869856310708064,0.48635731654115477,0.49798584952860403,0.5020141504713235
